INSERT INTO PORTAFOLIO.CIUDAD (ID_CIUDAD,CIUDAD,ID_REGION) VALUES 
(81,'Arica',61)
,(82,'Parinacota',61)
,(83,'Iquique',62)
,(84,'El Tamarugal',62)
,(85,'Antofagasta',63)
,(86,'El Loa',63)
,(87,'Tocopilla',63)
,(88,'Chañaral',64)
,(89,'Copiapó',64)
,(90,'Huasco',64)
,(91,'Choapa',65)
,(92,'Elqui',65)
,(93,'Limarí',65)
,(94,'Isla de Pascua',66)
,(95,'Los Andes',66)
,(96,'Petorca',66)
,(97,'Quillota',66)
,(98,'San Antonio',66)
,(99,'San Felipe de Aconcagua',66)
,(100,'Valparaiso',66)
,(101,'Chacabuco',67)
,(102,'Cordillera',67)
,(103,'Maipo',67)
,(104,'Melipilla',67)
,(105,'Santiago',67)
,(106,'Talagante',67)
,(107,'Cachapoal',68)
,(108,'Cardenal Caro',68)
,(109,'Colchagua',68)
,(110,'Cauquenes',69)
,(111,'Curicó',69)
,(112,'Linares',69)
,(113,'Talca',69)
,(114,'Arauco',70)
,(115,'Bio Bío',70)
,(116,'Concepción',70)
,(117,'Ñuble',70)
,(118,'Cautín',71)
,(119,'Malleco',71)
,(120,'Valdivia',72)
,(121,'Ranco',72)
,(122,'Chiloé',73)
,(123,'Llanquihue',73)
,(124,'Osorno',73)
,(125,'Palena',73)
,(126,'Aisén',74)
,(127,'Capitán Prat',74)
,(128,'Coihaique',74)
,(129,'General Carrera',74)
,(130,'Antártica Chilena',75)
,(131,'Magallanes',75)
,(132,'Tierra del Fuego',75)
,(133,'Última Esperanza',75)
;
INSERT INTO PORTAFOLIO.COMUNA (ID_COMUNA,COMUNA,ID_CIUDAD) VALUES 
(201,'Arica',81)
,(202,'Camarones',81)
,(203,'General Lagos',82)
,(204,'Putre',82)
,(205,'Alto Hospicio',83)
,(206,'Iquique',83)
,(207,'Camiña',84)
,(208,'Colchane',84)
,(209,'Huara',84)
,(210,'Pica',84)
,(211,'Pozo Almonte',84)
,(212,'Antofagasta',85)
,(213,'Mejillones',85)
,(214,'Sierra Gorda',85)
,(215,'Taltal',85)
,(216,'Calama',86)
,(217,'Ollague',86)
,(218,'San Pedro de Atacama',86)
,(219,'María Elena',87)
,(220,'Tocopilla',87)
,(221,'Chañaral',88)
,(222,'Diego de Almagro',88)
,(223,'Caldera',89)
,(224,'Copiapó',89)
,(225,'Tierra Amarilla',89)
,(226,'Alto del Carmen',90)
,(227,'Freirina',90)
,(228,'Huasco',90)
,(229,'Vallenar',90)
,(230,'Canela',91)
,(231,'Illapel',91)
,(232,'Los Vilos',91)
,(233,'Salamanca',91)
,(234,'Andacollo',92)
,(235,'Coquimbo',92)
,(236,'La Higuera',92)
,(237,'La Serena',92)
,(238,'Paihuaco',92)
,(239,'Vicuña',92)
,(240,'Combarbalá',93)
,(241,'Monte Patria',93)
,(242,'Ovalle',93)
,(243,'Punitaqui',93)
,(244,'Río Hurtado',93)
,(245,'Isla de Pascua',94)
,(246,'Calle Larga',95)
,(247,'Los Andes',95)
,(248,'Rinconada',95)
,(249,'San Esteban',95)
,(250,'La Ligua',96)
,(251,'Papudo',96)
,(252,'Petorca',96)
,(253,'Zapallar',96)
,(254,'Hijuelas',97)
,(255,'La Calera',97)
,(256,'La Cruz',97)
,(257,'Limache',97)
,(258,'Nogales',97)
,(259,'Olmué',97)
,(260,'Quillota',97)
,(261,'Algarrobo',98)
,(262,'Cartagena',98)
,(263,'El Quisco',98)
,(264,'El Tabo',98)
,(265,'San Antonio',98)
,(266,'Santo Domingo',98)
,(267,'Catemu',99)
,(268,'Llaillay',99)
,(269,'Panquehue',99)
,(270,'Putaendo',99)
,(271,'San Felipe',99)
,(272,'Santa María',99)
,(273,'Casablanca',100)
,(274,'Concón',100)
,(275,'Juan Fernández',100)
,(276,'Puchuncaví',100)
,(277,'Quilpué',100)
,(278,'Quintero',100)
,(279,'Valparaíso',100)
,(280,'Villa Alemana',100)
,(281,'Viña del Mar',100)
,(282,'Colina',101)
,(283,'Lampa',101)
,(284,'Tiltil',101)
,(285,'Pirque',102)
,(286,'Puente Alto',102)
,(287,'San José de Maipo',102)
,(288,'Buin',103)
,(289,'Calera de Tango',103)
,(290,'Paine',103)
,(291,'San Bernardo',103)
,(292,'Alhué',104)
,(293,'Curacaví',104)
,(294,'María Pinto',104)
,(295,'Melipilla',104)
,(296,'San Pedro',104)
,(297,'Cerrillos',105)
,(298,'Cerro Navia',105)
,(299,'Conchalí',105)
,(300,'El Bosque',105)
,(301,'Estación Central',105)
,(302,'Huechuraba',105)
,(303,'Independencia',105)
,(304,'La Cisterna',105)
,(305,'La Granja',105)
,(306,'La Florida',105)
,(307,'La Pintana',105)
,(308,'La Reina',105)
,(309,'Las Condes',105)
,(310,'Lo Barnechea',105)
,(311,'Lo Espejo',105)
,(312,'Lo Prado',105)
,(313,'Macul',105)
,(314,'Maipú',105)
,(315,'Ñuñoa',105)
,(316,'Pedro Aguirre Cerda',105)
,(317,'Peñalolén',105)
,(318,'Providencia',105)
,(319,'Pudahuel',105)
,(320,'Quilicura',105)
,(321,'Quinta Normal',105)
,(322,'Recoleta',105)
,(323,'Renca',105)
,(324,'San Miguel',105)
,(325,'San Joaquín',105)
,(326,'San Ramón',105)
,(327,'Santiago',105)
,(328,'Vitacura',105)
,(329,'El Monte',106)
,(330,'Isla de Maipo',106)
,(331,'Padre Hurtado',106)
,(332,'Peñaflor',106)
,(333,'Talagante',106)
,(334,'Codegua',107)
,(335,'Coínco',107)
,(336,'Coltauco',107)
,(337,'Doñihue',107)
,(338,'Graneros',107)
,(339,'Las Cabras',107)
,(340,'Machalí',107)
,(341,'Malloa',107)
,(342,'Mostazal',107)
,(347,'Rancagua',107)
,(346,'Quinta de Tilcoco',107)
,(345,'Pichidegua',107)
,(344,'Peumo',107)
,(343,'Olivar',107)
,(348,'Rengo',107)
,(349,'Requínoa',107)
,(350,'San Vicente de Tagua Tagua',107)
,(351,'La Estrella',108)
,(352,'Litueche',108)
,(353,'Marchihue',108)
,(354,'Navidad',108)
,(355,'Peredones',108)
,(356,'Pichilemu',108)
,(357,'Chépica',109)
,(358,'Chimbarongo',109)
,(359,'Lolol',109)
,(360,'Nancagua',109)
,(361,'Palmilla',109)
,(362,'Peralillo',109)
,(363,'Placilla',109)
,(364,'Pumanque',109)
,(365,'San Fernando',109)
,(366,'Santa Cruz',109)
,(367,'Cauquenes',110)
,(368,'Chanco',110)
,(369,'Pelluhue',110)
,(370,'Curicó',111)
,(371,'Hualañé',111)
,(372,'Licantén',111)
,(373,'Molina',111)
,(374,'Rauco',111)
,(375,'Romeral',111)
,(376,'Sagrada Familia',111)
,(377,'Teno',111)
,(378,'Vichuquén',111)
,(379,'Colbún',112)
,(380,'Linares',112)
,(381,'Longaví',112)
,(382,'Parral',112)
,(383,'Retiro',112)
,(384,'San Javier',112)
,(385,'Villa Alegre',112)
,(386,'Yerbas Buenas',112)
,(387,'Constitución',113)
,(388,'Curepto',113)
,(389,'Empedrado',113)
,(390,'Maule',113)
,(391,'Pelarco',113)
,(392,'Pencahue',113)
,(393,'Río Claro',113)
,(394,'San Clemente',113)
,(395,'San Rafael',113)
,(396,'Talca',113)
,(397,'Arauco',114)
,(398,'Cañete',114)
,(399,'Contulmo',114)
,(400,'Curanilahue',114)
,(401,'Lebu',114)
,(402,'Los Álamos',114)
,(403,'Tirúa',114)
,(404,'Alto Biobío',115)
,(405,'Antuco',115)
,(406,'Cabrero',115)
,(407,'Laja',115)
,(408,'Los Ángeles',115)
,(409,'Mulchén',115)
,(410,'Nacimiento',115)
,(411,'Negrete',115)
,(412,'Quilaco',115)
,(413,'Quilleco',115)
,(414,'San Rosendo',115)
,(415,'Santa Bárbara',115)
,(416,'Tucapel',115)
,(417,'Yumbel',115)
,(418,'Chiguayante',116)
,(419,'Concepción',116)
,(420,'Coronel',116)
,(421,'Florida',116)
,(422,'Hualpén',116)
,(423,'Hualqui',116)
,(424,'Lota',116)
,(425,'Penco',116)
,(426,'San Pedro de La Paz',116)
,(427,'Santa Juana',116)
,(428,'Talcahuano',116)
,(429,'Tomé',116)
,(430,'Bulnes',117)
,(431,'Chillán',117)
,(432,'Chillán Viejo',117)
,(433,'Cobquecura',117)
,(434,'Coelemu',117)
,(435,'Coihueco',117)
,(436,'El Carmen',117)
,(437,'Ninhue',117)
,(438,'Ñiquen',117)
,(439,'Pemuco',117)
,(440,'Pinto',117)
,(441,'Portezuelo',117)
,(442,'Quillón',117)
,(443,'Quirihue',117)
,(444,'Ránquil',117)
,(445,'San Carlos',117)
,(446,'San Fabián',117)
,(447,'San Ignacio',117)
,(448,'San Nicolás',117)
,(449,'Treguaco',117)
,(450,'Yungay',117)
,(451,'Carahue',118)
,(452,'Cholchol',118)
,(453,'Cunco',118)
,(454,'Curarrehue',118)
,(455,'Freire',118)
,(456,'Galvarino',118)
,(457,'Gorbea',118)
,(458,'Lautaro',118)
,(459,'Loncoche',118)
,(460,'Melipeuco',118)
,(461,'Nueva Imperial',118)
,(462,'Padre Las Casas',118)
,(463,'Perquenco',118)
,(464,'Pitrufquén',118)
,(465,'Pucón',118)
,(466,'Saavedra',118)
,(467,'Temuco',118)
,(468,'Teodoro Schmidt',118)
,(469,'Toltén',118)
,(470,'Vilcún',118)
,(471,'Villarrica',118)
,(472,'Angol',119)
,(473,'Collipulli',119)
,(474,'Curacautín',119)
,(475,'Ercilla',119)
,(476,'Lonquimay',119)
,(477,'Los Sauces',119)
,(478,'Lumaco',119)
,(479,'Purén',119)
,(480,'Renaico',119)
,(481,'Traiguén',119)
,(482,'Victoria',119)
,(483,'Corral',120)
,(484,'Lanco',120)
,(485,'Los Lagos',120)
,(486,'Máfil',120)
,(487,'Mariquina',120)
,(488,'Paillaco',120)
,(489,'Panguipulli',120)
,(490,'Valdivia',120)
,(491,'Futrono',121)
,(492,'La Unión',121)
,(493,'Lago Ranco',121)
,(494,'Río Bueno',121)
,(495,'Ancud',122)
,(496,'Castro',122)
,(497,'Chonchi',122)
,(498,'Curaco de Vélez',122)
,(499,'Dalcahue',122)
,(500,'Puqueldón',122)
,(501,'Queilén',122)
,(502,'Quemchi',122)
,(503,'Quellón',122)
,(504,'Quinchao',122)
,(505,'Calbuco',123)
,(506,'Cochamó',123)
,(507,'Fresia',123)
,(508,'Frutillar',123)
,(509,'Llanquihue',123)
,(510,'Los Muermos',123)
,(511,'Maullín',123)
,(512,'Puerto Montt',123)
,(513,'Puerto Varas',123)
,(514,'Osorno',124)
,(515,'Puero Octay',124)
,(516,'Purranque',124)
,(517,'Puyehue',124)
,(518,'Río Negro',124)
,(519,'San Juan de la Costa',124)
,(520,'San Pablo',124)
,(521,'Chaitén',125)
,(522,'Futaleufú',125)
,(523,'Hualaihué',125)
,(524,'Palena',125)
,(525,'Aisén',126)
,(526,'Cisnes',126)
,(527,'Guaitecas',126)
,(528,'Cochrane',127)
,(529,'O\higgins',127)
,(530,'Tortel',127)
,(531,'Coihaique',128)
,(532,'Lago Verde',128)
,(533,'Chile Chico',129)
,(534,'Río Ibáñez',129)
,(535,'Antártica',130)
,(536,'Cabo de Hornos',130)
,(537,'Laguna Blanca',131)
,(538,'Punta Arenas',131)
,(539,'Río Verde',131)
,(540,'San Gregorio',131)
,(541,'Porvenir',132)
,(542,'Primavera',132)
,(543,'Timaukel',132)
,(544,'Natales',133)
,(545,'Torres del Paine',133)
;
INSERT INTO PORTAFOLIO.DOCUMENTO (ID_DOCUMENTO,ID_TIPO_DOCUMENTO,FECHA_DOCUMENTO) VALUES 
(28,2,TIMESTAMP '2020-05-21 00:12:26.000000')
,(102,2,TIMESTAMP '2020-05-28 23:04:12.000000')
,(103,1,TIMESTAMP '2020-05-28 23:06:16.000000')
,(121,1,TIMESTAMP '2020-05-30 17:39:58.000000')
,(26,2,TIMESTAMP '2020-05-21 00:06:43.000000')
,(27,2,TIMESTAMP '2020-05-21 00:07:44.000000')
,(34,2,TIMESTAMP '2020-05-21 01:18:11.000000')
,(35,2,TIMESTAMP '2020-05-21 01:21:05.000000')
,(48,1,TIMESTAMP '2020-05-26 18:34:05.000000')
,(49,1,TIMESTAMP '2020-05-26 20:03:32.000000')
,(61,1,TIMESTAMP '2020-05-27 02:23:19.000000')
,(24,2,TIMESTAMP '2020-05-20 23:49:45.000000')
,(25,2,TIMESTAMP '2020-05-20 23:50:21.000000')
,(82,2,TIMESTAMP '2020-05-28 01:17:24.000000')
,(101,1,TIMESTAMP '2020-05-28 22:18:30.000000')
,(1,1,TIMESTAMP '2020-05-18 19:59:51.000000')
,(29,2,TIMESTAMP '2020-05-21 00:22:26.000000')
,(30,2,TIMESTAMP '2020-05-21 00:24:52.000000')
,(31,2,TIMESTAMP '2020-05-21 00:31:35.000000')
,(32,2,TIMESTAMP '2020-05-21 00:33:24.000000')
,(33,2,TIMESTAMP '2020-05-21 00:33:53.000000')
,(81,1,TIMESTAMP '2020-05-28 01:03:30.000000')
,(83,1,TIMESTAMP '2020-05-28 17:16:04.000000')
,(84,2,TIMESTAMP '2020-05-28 17:16:30.000000')
,(85,1,TIMESTAMP '2020-05-28 18:38:36.000000')
;
INSERT INTO PORTAFOLIO.ESTADO_ORDEN_COMPRA (ID_ESTADO_ORDEN_COMPRA,ESTADO_ORDEN_COMPRA,FECHA_ESTADO_ORDEN_COMPRA,ID_ORDEN_COMPRA) VALUES 
(21,'Pendiente',TIMESTAMP '2020-06-06 18:12:25.000000',2)
,(22,'Pendiente',TIMESTAMP '2020-06-06 22:18:43.000000',3)
,(2,'Pendiente',TIMESTAMP '2020-05-27 20:11:26.000000',1)
;
INSERT INTO PORTAFOLIO.FAMILIA_PRODUCTO (ID_FAMILIA_PRODUCTO,FAMILIA_PRODUCTO) VALUES 
(2,'Contruccion')
,(3,'Madera')
,(4,'Electricidad')
,(5,'Maquinaria')
,(6,'Herramientas')
,(7,'Pisos')
,(8,'Puertas')
,(9,'Adhesivos')
,(10,'Pinturas')
,(11,'Ventanas')
;
INSERT INTO PORTAFOLIO.FORMA_PAGO (ID_FORMA_PAGO,FORMA_PAGO) VALUES 
(1,'WEBPAY')
;
INSERT INTO PORTAFOLIO.ORDEN_COMPRA (ID_ORDEN_COMPRA,FECHA_COMPRA,ID_USUARIO,ID_RECEPCION,ID_PRODUCTO,CANTIDAD_PRODUCTO_OC) VALUES 
(2,TIMESTAMP '2020-06-06 18:12:25.000000',1020,3,1,7)
,(3,TIMESTAMP '2020-06-06 22:18:43.000000',1020,4,1,1313)
,(1,TIMESTAMP '2020-05-14 20:18:43.000000',1020,1,1,0)
;
INSERT INTO PORTAFOLIO.PRODUCTO (ID_PRODUCTO,CODIGO_PRODUCTO,NOMBRE,DESCRIPCION,PRECIO,STOCK,ID_PROVEEDOR,ID_SUBFAMILIA_PRODUCTO,MARCA_PRODUCTO,HABILITADO,IMAGEN_PRODUCTO,FECHA_VENCIMIENTO) VALUES 
(2,10100200000000002,'Clavo cte 2 1/2" Caja 25kg','Clavo cte 2 1/2" Caja 25kg  Prodalam',100300,6,101,1,'Lever','0','https://tienda.rgm.cl/507-thickbox_default/clavos-terranos-1x11-05kg.jpg',NULL)
,(21,10000500000000021,'Trompo volteo 210 lt','Mezcladora de concreto elaborada en material resistente y duradero, con base inferior para mayor estabilidad',200000,0,100,11,'Bauker','0','https://storage.googleapis.com/ferme/Ferme%20fotos%20prod/Trompo%20voleo%20directo%20150%20lt.jpeg',NULL)
,(22,10000500000000022,'Trompo voleo directo 150 lt','Robusta estructura tanto del chasis como el tambor, incorpora graseras en los mecanismos expuestos del roce, gran seguridad de operación gracias a su punto de equilibrio que lo diferencia de equipos de su misma estructura, ángulo de inclinación del tambor y geometría de paletas optimizados, para lograr un proceso de mezcla lograr un proceso de mezcla más eficiente. ruedas impinchables con llanta de acero.',700000,0,100,11,'Lemaco','0','https://storage.googleapis.com/ferme/Ferme%20fotos%20prod/Trompo%20voleo%20directo%20150%20lt.jpeg',NULL)
,(23,10000500000000023,'Rotomartillo inalambrico','Si tienes que realizar perforaciones en superficies duras como el concreto o la piedra, el rotomartillo inalámbrico modelo ROTOM S/B de Uberman, es la herramienta que necesitas. Dotado de un batería recargable de 20 V, el rotomartillo inalámbrico de Ubermann es la solución perfecta para perforar superficies donde los otros taladros normales no pueden llegar.',77000,3,100,12,'Ubermann','1','https://storage.googleapis.com/ferme/Ferme%20fotos%20prod/Rotomartillo%20inalambrico.jpeg',NULL)
,(24,10000500000000024,'Demoledor electrico','El martillo GSH 27 VC de Bosch es de uso profesional. Es el martillo demoledor eléctrico más potente de Bosch, ideal para las aplicaciones más duras y exigentes en hormigón, en piedra o en asfalto. Tiene una gran capacidad de demolición, de 3,2 toneladas por hora.',1200000,4,100,12,'Bosch','1','https://storage.googleapis.com/ferme/Ferme%20fotos%20prod/Demoledor%20electrico.jpeg',NULL)
,(26,10000500000000026,'Rueda maciza de carretilla','La Rueda de goma maciza Alemany está ubicada en la categoría de herramientas y maquinarias, esencial para realizar tareas de construcción y jardinería. Si buscas un instrumento para poder movilizar materia prima, este es el indicado, ya que la puedes ajustar a una carretilla de una sola rueda o más. Se trata de una pieza hecha en caucho natural y eje de acero, por lo que soportará condiciones arduas.',9000,48,100,13,'Plasmet','1','https://storage.googleapis.com/ferme/Ferme%20fotos%20prod/Rueda%20maciza%20de%20carretilla.jpeg',NULL)
,(27,10000600000000027,'Taladro percutor inalambrico','Pantalla de potencia Luz LED, uso profesional',45000,19,100,14,'Bauker','1','https://storage.googleapis.com/ferme/Ferme%20fotos%20prod/Taladro%20percutor%20inalambrico.jpeg',NULL)
,(28,10000600000000028,'Taladro percutor eléctrico','Taladro percutor eléctrico 13 mm 1020 W Ubermann.
Siente toda la potencia del taladro percutor eléctrico marca Ubermann, diseñado para un rendimiento profesional gracias a su velocidad de hasta 3000 RPM y una potencia de 1020 W para todo tipo de funciones profesionales o perforar muros de concreto en arreglos del hogar.',79000,20,100,14,'Bauker','1','https://storage.googleapis.com/ferme/Ferme%20fotos%20prod/Taladro%20percutor%20ele%CC%81ctrico.jpeg',NULL)
,(30,10000600000000030,'Sierra circular electrica','Sierra circular Bauker. La Sierra Circular 7 1/4 " 1800 W de Bauker te permite aserrar madera, plástico, metal y varios otros materiales.Con un motor de 1.800 W, esta sierra entrega la posibilidad de intercambiar discos según los materiales a cortar y realizar los proyectos con una herramienta de gran potencia.Esta Sierra Circular 7 1/4 " 1800 W de Bauker está recomendada para uso profesional.Se recomienda cumplir las medidas de seguridad indicadas por el fabricante.',55000,10,100,15,'Bauker','1','https://storage.googleapis.com/ferme/Ferme%20fotos%20prod/Sierra%20circular%20electrica.jpeg',NULL)
,(31,10000600000000031,'Soldadora inverter arco','Soldadora Compacta con un ciclo de trabajo de 120A - 40%',99000,1,100,17,'Indura','1','https://storage.googleapis.com/ferme/Ferme%20fotos%20prod/Soldadora%20inverter%20arco.jpeg',NULL)
,(32,10000600000000032,'Soldadroa arco y TIG','Soldadora Arco manual y TIG 200 A Ubermann',270000,3,100,17,'Ubermann','1','https://storage.googleapis.com/ferme/Ferme%20fotos%20prod/Soldadroa%20arco%20y%20TIG.jpeg',NULL)
,(33,10000600000000033,'Set de alicates ','Set de Alicates Universal-Cortante y Punta Redline es un set que incluye un alicate universal, un alicate de corte diagonal y un alicate de punta larga.Características del Set de Alicates Universal-Cortante y Punta RedlineFabricados en acero cromo/vanadio, con mango ergonométrico antideslizante y protección pronunciada, para evitar que la mano toque la parte metálica, sobre todo en trabajos eléctricos.',7000,48,100,17,'Redline','1','https://storage.googleapis.com/ferme/Ferme%20fotos%20prod/Set%20de%20alicates.jpeg',NULL)
,(34,10000600000000034,'Llave ajustable acero','5,6 cm x 1,38 cm x 20,5 cm',4500,100,100,17,'Karson','1','https://storage.googleapis.com/ferme/Ferme%20fotos%20prod/Llave%20ajustable%20acero.jpeg',NULL)
,(36,10000600000000036,'Martillo mini','Acero al carbono con tratamiento termico, pulido.',4000,100,100,18,'Redline','1','https://storage.googleapis.com/ferme/Ferme%20fotos%20prod/Martillo%20mini.jpeg',NULL)
,(37,10000600000000037,'Tornillo volcanita','El Tornillo Volcanita CRS ZRB 250 unidades es una opción que destaca entre las disponibles en el mundo de la ferretería por su zincado brillante.',500,1000,100,19,'Mamut','1','https://storage.googleapis.com/ferme/Ferme%20fotos%20prod/Tornillo%20volcanita.jpeg',NULL)
,(38,10000600000000038,'Tonillos yeso','Fija planchas de yeso cartón a estructuras metálicas de mayor espesor.',2200,999,100,19,'Mamut','1','https://storage.googleapis.com/ferme/Ferme%20fotos%20prod/Tonillos%20yeso.jpeg',NULL)
,(39,10000600000000039,'Atornillador paleta','Excelente atornillador duradero y de buen material.',2000,1000,100,20,'Redline','1','https://storage.googleapis.com/ferme/Ferme%20fotos%20prod/Atornillador%20paleta.jpeg',NULL)
,(41,10000700000000041,'Ceramica blanco','Es un revestimiento para muros, de uso preferente en baños y cocinas.',3100,500,100,21,'Holztek','1','https://storage.googleapis.com/ferme/Ferme%20fotos%20prod/Ceramica%20blanco.jpeg',NULL)
,(43,10000700000000043,'Porcelanato plata rugoso','Con el Porcelanato de 60x60 cm de la marca Max Glory tendrás el elemento perfecto para recubrir tus pisos y muros con la más alta calidad y belleza.',6000,498,100,22,'Holztek','1','https://storage.googleapis.com/ferme/Ferme%20fotos%20prod/Porcelanato%20plata%20rugoso.jpeg',NULL)
,(44,10000700000000044,'Porcelanato blanco hueso','Con el Porcelanato de 60x60 cm de la marca Max Glory tendrás el elemento perfecto para recubrir tus pisos y muros con la más alta calidad y belleza.',6500,499,100,22,'Holztek','1','https://storage.googleapis.com/ferme/Ferme%20fotos%20prod/Porcelanato%20blanco%20hueso.jpeg',NULL)
,(45,10000700000000045,'Piso flotante abedul','Producción Sustentable. Los productos Hölztek cuentan con el sello FSC®, el cual certifica que las materias primas utilizadas provienen de un bosque manejado de manera sustentable. Prefiriendo este producto estarás aportando a reducir tu huella ambiental. Piensa también de qué otra manera puedes aportar en tu hogar.',4800,500,100,23,'Holztek','1','https://storage.googleapis.com/ferme/Ferme%20fotos%20prod/Piso%20flotante%20abedul.jpeg',NULL)
,(46,10000700000000046,'Piso flotante nogal','Producción Sustentable',5500,500,100,23,'Holztek','1','https://storage.googleapis.com/ferme/Ferme%20fotos%20prod/Piso%20flotante%20nogal.jpeg',NULL)
,(47,10000920201231047,'Adhesivo en polvo','El Adhesivo para cerámica en polvo Bekron es un mortero seco elaborado con cemento y arena a los que se les ha agregado aditivos orgánicos. Es un producto especialmente desarrollado para pisos y muros de concreto. También se puede usar sobre hormigón, sobre losas y radieres de hormigón, sobre muros de albañilería y en estucados. Los pisos instalados con esta mezcla presentan una gran estabilidad y adherencia.',2500,500,100,24,'Bekron','1','https://storage.googleapis.com/ferme/Ferme%20fotos%20prod/Adhesivo%20en%20polvo.jpeg',TIMESTAMP '2020-12-31 00:00:00.000000')
,(48,10000920230101048,'Adhesivo en pasta','Pasta adhesiva para todo tipo de revestimientos cerámicos y azulejos.',17000,0,100,24,'Bekron','0','https://storage.googleapis.com/ferme/Ferme%20fotos%20prod/Adhesivo%20en%20polvo.jpeg',TIMESTAMP '2023-01-01 00:00:00.000000')
,(49,10000800000000049,'Mampara ajustable','Esta Mampara ajustable de 6mm, 135-150x185cm, Sensi Dacqua, es otro de los productos que ofrece esta marca, si lo que estás buscando es renovar tu baño y entregarle un aspecto más moderno y con estilo.',140000,10,100,26,'Sensi','1','https://storage.googleapis.com/ferme/Ferme%20fotos%20prod/Mampara%20ajustable.jpeg',NULL)
,(50,10000800000000050,'Mampara baño','Mampara baño lineas Cordoba 140x80 6mm',48000,10,100,26,'Sensi','1','https://storage.googleapis.com/ferme/Ferme%20fotos%20prod/Mampara%20ban%CC%83o.jpeg',NULL)
,(9,10000300000000009,'Terciado ranurado w','El Terciado ranurado W es una alternativa distinta a la hora de realizar la construcción de tu casa, ya que su estilo conjuga diversas cualidades que ayudan a que el trabajo se haga en forma efectiva. Su uso interior es ideal como revestimiento decorativo en viviendas ya sea sobre vigas, pilares, tabiquería, hormigón, entre otros. Además, su material de pino radiata conjuga calidad y diseño para que perdure en el tiempo y, a la vez, sea atractivo a la vista.',12500,100,100,5,'Generico','1','https://storage.googleapis.com/ferme/Ferme%20fotos%20prod/Terciado%20ranurado%20w.jpeg',NULL)
,(19,10000400000000019,'Portalampara base recta','Portalámpara de base recta con rosca E-27 (estándar domiciliario en Chile), diseñado para fijarse en superficies planas (muros, cielos rasos), fabricado en termoplástico de alta resistencia y durabilidad. Producto certificado según normas SEC (Chile). Posee una potencia máxima de 1000W (4A 250V), se encuentra disponible en color blanco y negro e incluye tornillos y tarugos.',900,100,100,10,'Rema','1','https://storage.googleapis.com/ferme/Ferme%20fotos%20prod/Portalampara%20base%20recta.jpeg',NULL)
,(25,10000500000000025,'Carretilla concreto','Doble refuerzo, rueda neumática con rodamiento 4.00-8"',79000,7,100,13,'Plasmet','1','https://storage.googleapis.com/ferme/Ferme%20fotos%20prod/Carretilla%20concreto.jpeg',NULL)
,(29,10000600000000029,'Sierra caladora electrica','La Sierra caladora Bauker es la herramienta de ferretería perfecta para tus trabajos de corte y calado de placas de madera. Las 4 posiciones de movimiento pendular de la hoja te permitirán adaptarte eficientemente a los distintos tipos de labores.',27000,20,100,15,'Bauker','1','https://storage.googleapis.com/ferme/Ferme%20fotos%20prod/Sierra%20caladora%20electrica.jpeg',NULL)
,(35,10000600000000035,'Martillo carpintero','El Martillo Carpintero Redline es una herramienta indispensable en talleres y cualquier hogar, ya que nunca se sabe en qué momento se requerirá de utilizarlo para pequeñas reparaciones o incluso para poder colgar un cuadro.',6200,100,100,18,'Redline','1','https://storage.googleapis.com/ferme/Ferme%20fotos%20prod/Martillo%20carpintero.jpeg',NULL)
,(40,10000600000000040,'Atornillador cruz','Excelente atornillador duradero y de buen material.',2100,1000,100,20,'Redline','1','https://storage.googleapis.com/ferme/Ferme%20fotos%20prod/Atornillador%20cruz.jpeg',NULL)
,(42,10000700000000042,'Ceramica multicolor','La Cerámica Rauco Plus Incefra es un producto especialmente diseñado para el revestimiento de pisos. Destaca su diseño tipo marmolado, que imita a la perfección la apariencia de las piedras naturales, por ello pondrá un toque de elegancia y de belleza clásica. Puedes colocarlo en exteriores como terrazas, entradas, zonas del jardín, etc. De igual forma puedes instalarlo en interiores, incluso el baño o la cocina, por cuanto resiste la humedad.',4000,500,100,21,'Holztek','1','https://storage.googleapis.com/ferme/Ferme%20fotos%20prod/Ceramica%20multicolor.jpeg',NULL)
,(1,10000200000000001,'Clavo cte 3" bolsa 1kg','Clavo cte 3" bolsa 1kg',10125,101,100,1,'acme','0','https://tienda.rgm.cl/507-thickbox_default/clavos-terranos-1x11-05kg.jpg',NULL)
,(3,10000200000000003,'Cemento Melon especial 25 kg','La calidad y mayor durabilidad que ofrece el cemento Melón Especial en su versión de saco de 25 kg posee la versatilidad que buscas para hacer esa ampliación que tanto deseas, ya sea en tu casa, bodega, patio o empresa.',3500,100,100,2,'Melon','1','https://storage.googleapis.com/ferme/imagenes_ferme/cemento.jpg',NULL)
,(4,10000200000000004,'Cemento Polpaico','La calidad y mayor durabilidad que ofrece el cemento polpaico en su versión de saco de 25 kg posee la versatilidad que buscas para hacer esa ampliación que tanto deseas, ya sea en tu casa, bodega, patio o empresa. 
Gracias a su buena compresión es ideal para la confección de un radier, estuco, entre otras múltiples alternativas de construcción, brindándole una excelente terminación a los trabajos.',3500,100,100,2,'Polpaico','1','https://storage.googleapis.com/ferme/imagenes_ferme/cemento.jpg',NULL)
,(5,10000200000000005,'Fierro 8 mm redondo liso','El Fierro redondo liso SAE1010 es un producto fabricado con fierro/hierro que puedes utilizar en gran cantidad de trabajos relacionados con el sector de la construcción y de la metalmecánica. Este elemento es sometido a un proceso de laminado en caliente que mejora sus propiedades físicas y le da su forma final.',2650,100,100,3,'Generico','1','https://storage.googleapis.com/ferme/Ferme%20fotos%20prod/Fierro%208%20mm%20redondo%20liso.jpeg',NULL)
,(6,10000200000000006,'Fierro barra plana liso','El Fierro redondo liso SAE1010 es un producto fabricado con fierro/hierro que puedes utilizar en gran cantidad de trabajos relacionados con el sector de la construcción y de la metalmecánica. Este elemento es sometido a un proceso de laminado en caliente que mejora sus propiedades físicas y le da su forma final.',1700,100,100,3,'Generico','1','https://storage.googleapis.com/ferme/Ferme%20fotos%20prod/Fierro%20barra%20plana%20liso.jpeg',NULL)
,(7,10000200000000007,'Ladrillo Fiscal','El Ladrillo Fiscal es un elemento de gran utilidad para tareas de construcción. Se trata de un artículo usado habitualmente para la obra gruesa. Elaborado a base de barro cocido, te resultará práctico y funcional tanto si estás edificando tu casa como si participas del proceso de construcción de un edificio. Gracias al mismo, generarás obras con estructuras y bases sólidas, garantizando la seguridad de las personas que vivirán allí.',150,1000,100,4,'Generico','1','https://storage.googleapis.com/ferme/Ferme%20fotos%20prod/Ladrillo%20Fiscal.jpeg',NULL)
,(8,10000200000000008,'Ladrillo Liviano','Al innovador Ladrillo liviano Ladrillos Cóndor es ideal para tenerlo en cuenta en tu próxima construcción. Con él podrás llevar adelante la obra gruesa con materiales de calidad y de fácil colocación. Está conformado en su totalidad con arcilla, un material que por su comportamiento es admirable en el rubro de la construcción.',250,1000,100,4,'Condor','1','https://storage.googleapis.com/ferme/Ferme%20fotos%20prod/Ladrillo%20Liviano.jpeg',NULL)
,(10,10000300000000010,'Terciado estructural pino','Tablero fabricado con láminas continuas de madera de pino radiata dispuestas con sus fibras en ángulo recto, adhesivo fenólico resistente a la humedad, de gran solidez estructural, alta aislación térmica, resistente al fuego. Este terciado estructural es muy utilizado en entramados, tabiques, cubiertas de techumbre, revestimientos interiores y exteriores de madera. Embalajes, cajones y similares.',15500,100,100,5,'Generico','1','https://storage.googleapis.com/ferme/Ferme%20fotos%20prod/Terciado%20estructural%20pino.jpeg',NULL)
,(11,10000300000000011,'Placa MDF 3 mm','Placa MDF Masisa es un tablero de fibras de madera que permite múltiples usos en mueblería, molduras y arquitectura interior.',4800,100,100,6,'Generico','1','https://storage.googleapis.com/ferme/Ferme%20fotos%20prod/Placa%20MDF%203%20mm.jpeg',NULL)
,(12,10000300000000012,'Aglomerada','Placa Masisa es un tablero de partículas de madera que se usa en construcción como revestimiento de cielos, tabiques, muros y pisos de zonas no expuestas a la humedad, como también en instalaciones comerciales, de utilería y escenografías. En mueblería es usada como parte integral de muebles, como fondos de cajón, partes traseras y como base de tapizado para paneles divisorios de oficinas de planta libre.',5600,100,100,6,'Generico','1','https://storage.googleapis.com/ferme/Ferme%20fotos%20prod/Aglomerada.jpeg',NULL)
,(13,10000300000000013,'Viga Pino Oregon cepillado','La Viga Madera Sodimac es un corte de pino oregón cepillado realizado para ser empleado en forma estructural. La madera puede ser aprovechada para conformar el elemento resistente de una construcción, por ejemplo un reticulado o cabriada para sostener techumbres. También, en forma aislada, la podrás aprovechar como peldaños de escalera. Cualquiera que sea el propósito con el que la adquieras, contarás con todas las ventajas que este elemento y su materia prima te ofrecen.',12000,100,100,7,'Genercio','1','https://storage.googleapis.com/ferme/Ferme%20fotos%20prod/Viga%20Pino%20Oregon%20cepillado.jpeg',NULL)
,(16,10000400000000016,'Enchufe hembra volante','El Enchufe Hembra 2 polos + 1 Toma a Tierra Volante de Rema es un dispositivo de uso doméstico o comercial que te permitirá hacer extensiones de un enchufe eléctrico, el cual te dejará conectar tus electrodomésticos en la ubicación que desees.',1000,100,100,8,'Rema','1','https://storage.googleapis.com/ferme/Ferme%20fotos%20prod/Enchufe%20hembra%20volante.jpeg',NULL)
,(14,10000300000000014,'Roble vaporizado semicepillado','El Roble vaporizado precepillado es un producto que podrás usar en la construcción como revestimiento de paredes, de pisos o techos, para enmarcar ventanas, puertas o bien en la fabricación de muebles en general. Los bloques de madera seca en cámara poseen unas excelentes dimensiones que te posibilitaran realizar, por ejemplo, la construcción de un fabuloso deck en tu hogar.',10000,100,100,7,'Generico','1','https://storage.googleapis.com/ferme/Ferme%20fotos%20prod/Roble%20vaporizado%20semicepillado.jpeg',NULL)
,(15,10000400000000015,'Enchufe macho volante','Si estás buscando tener una respuesta favorable de tus artefactos y sus conexiones en el tiempo, deberás empezar a invertir en accesorios innovadores y de alta calidad, como lo es el Enchufe macho Conver Rema de carácter convertible. Con él podrás armar de una manera confiable y correcta el sistema de conexión de cualquier artefacto para conectarlo con la red de electricidad.',700,0,100,8,'Rema','1','https://storage.googleapis.com/ferme/Ferme%20fotos%20prod/Enchufe%20macho%20volante.jpeg',NULL)
,(17,10000400000000017,'Cable coaxial','Este producto se vende por metro lineal y lo podrás encontrar disponible solo en tu tienda.',180,100,100,9,'Kobalt','1','https://storage.googleapis.com/ferme/Ferme%20fotos%20prod/Cable%20coaxial.jpeg',NULL)
,(18,10000400000000018,'Cordon 3x1 Negro','Cordón Color Naranjo de Elfle/b es una alternativa para el cableado eléctrico. Está integrado por 3 conductores eléctricos de cobre, un material con excelente rendimiento para este tipo de usos.',1000,100,100,9,'Kobalt','1','https://storage.googleapis.com/ferme/Ferme%20fotos%20prod/Cordon%203x1%20Negro.jpeg',NULL)
,(20,10000400000000020,'Base plafon ovalada','La Base plafón ovalada Bticino desarrolla un cuerpo estable, que proporciona un lugar asequible para diversos tipos de iluminación. Siendo un elemento que busca la decoración y utilidad de un ambiente en específico, este producto comprende la electricidad como fundamento para su uso. Al poseer una entidad que se destaca por su material termoplástico, este artículo, con una temperatura estable, considera la seguridad y forma como uno de sus agentes principales de acción.',1800,100,100,10,'Rema','1','https://storage.googleapis.com/ferme/Ferme fotos prod/Base plafon ovalada.jpeg',NULL)
;
INSERT INTO PORTAFOLIO.PRODUCTO_VENTA (ID_PRODUCTO_VENTA,ID_PRODUCTO,CANTIDAD,ID_VENTA) VALUES 
(82,2,1,102)
,(83,23,1,102)
,(84,33,1,103)
,(85,38,1,103)
,(86,44,1,103)
,(87,43,1,103)
,(101,23,1,121)
,(102,2,1,121)
,(29,48,2,49)
,(30,48,2,50)
,(41,48,82,61)
,(23,48,2,42)
,(63,26,1,82)
,(64,2,1,82)
,(65,33,1,82)
,(81,43,1,101)
,(61,26,1,81)
,(62,27,1,81)
,(66,31,1,83)
,(67,2,1,84)
,(68,24,1,85)
;
INSERT INTO PORTAFOLIO.PROVEEDOR (ID_PROVEEDOR,NOMBRE,RUT_PROVEEDOR,DV_RUT_PROVEEDOR,DIRECCION,RAZON_SOCIAL,ID_RUBRO,CELULAR,ID_COMUNA,ID_USUARIO,HABILITADO) VALUES 
(120,'Esparky',19233821,'2','Calle falsa','Contrabando',1,556478,307,1022,'1')
,(100,'Clavos Kraown Ltda.',77442620,'5','Gran avenida josé miguel carrera 13270','CLAVOS KRAOWN LIMITADA.',1,97856432,308,1000,'1')
,(101,'Pernos R y R',78984330,'9','Avenida diez de julio 213','SOC COMERCIAL RUBIO Y RUBIO LIMITADA',1,967843444,308,1020,'1')
;
INSERT INTO PORTAFOLIO.RECEPCION (ID_RECEPCION,ID_USUARIO,FECHA_RECEPCION,OBSERVACIONES) VALUES 
(3,1020,TIMESTAMP '2020-06-06 18:12:25.000000','Test')
,(4,1020,TIMESTAMP '2020-06-06 22:18:43.000000','Orden de compra pendiente de recepción')
,(1,1020,TIMESTAMP '2020-05-14 20:17:58.000000','Test')
;
INSERT INTO PORTAFOLIO.REGION (ID_REGION,REGION) VALUES 
(61,'Arica y Parinacota')
,(63,'Antofagasta')
,(62,'Tarapacá')
,(65,'Coquimbo')
,(64,'Atacama')
,(66,'Valparaiso')
,(75,'Magallanes y de la Antártica Chilena')
,(67,'Metropolitana de Santiago')
,(68,'Libertador General Bernardo O\Higgins')
,(69,'Maule')
,(70,'Biobío')
,(71,'La Araucanía')
,(72,'Los Ríos')
,(73,'Los Lagos')
,(74,'Aisén del General Carlos Ibáñez del Campo')
;
INSERT INTO PORTAFOLIO.ROL (ID_ROL,TIPO_ROL) VALUES 
(1,'Administrador')
,(2,'Cliente')
,(3,'Empleado')
,(4,'Proveedor')
,(5,'Vendedor')
;
INSERT INTO PORTAFOLIO.RUBRO (ID_RUBRO,TIPO_RUBRO) VALUES 
(1,'Material construcción.')
;
INSERT INTO PORTAFOLIO.SUBFAMILIA_PRODUCTO (ID_SUBFAMILIA_PRODUCTO,SUBFAMILIA_PRODUCTO,ID_FAMILIA_PRODUCTO) VALUES 
(1,'test_sub_family',2)
,(2,'Cemetos',2)
,(3,'Fierro',2)
,(4,'Ladrillo',2)
,(5,'Terciado',3)
,(6,'MDF',3)
,(7,'Oregon y Nativas',3)
,(8,'Enchufes',4)
,(9,'Cables',4)
,(10,'Portalamparas',4)
,(11,'Trompos',5)
,(12,'Demoledores',5)
,(13,'Ruedas',5)
,(14,'Taladros',6)
,(15,'Sierras',6)
,(16,'Soladadoras',6)
,(17,'Alicates y Llaves',6)
,(18,'Martillos',6)
,(19,'Tornillos',6)
,(20,'Destornilladores',6)
,(21,'Ceramicas',7)
,(22,'Porcelanatos',7)
,(23,'Pisos Flotantes',7)
,(24,'Adhesivo para Ceramica',9)
,(25,'Adhesivo para Porcelanato',9)
,(26,'Mampara',8)
,(27,'Puertas Interior',8)
,(28,'Puerta Entrada',8)
,(29,'Pintura Interior',10)
,(30,'Pintura Exterior',10)
,(31,'Proteccion Madera',10)
,(32,'Ventanales',11)
,(33,'Ventanas',11)
;
INSERT INTO PORTAFOLIO.TIPO_DOCUMENTO (ID_TIPO_DOCUMENTO,TIPO_DOCUMENTO) VALUES 
(1,'BOLETA')
,(2,'FACTURA')
;
INSERT INTO PORTAFOLIO.USUARIO (ID_USUARIO,NOMBRE,APELLIDO,RUT_USUARIO,DV_USUARIO,SEXO_USUARIO,FECHA_NACIMIENTO_USUARIO,PASS_USUARIO,CORREO_ELECTRONICO,DIRECCION,ID_COMUNA,HABILITADO) VALUES 
(1020,'Fabiola','Orellana',1,'9','F',TIMESTAMP '1990-03-01 00:00:00.000000','duoc123','fabiola@mail.io','gran avenida 123456',307,'0')
,(1021,'Esteban','Jara',1,'9','F',TIMESTAMP '2020-03-29 00:00:00.000000','duoc123','es.jara@mail.io','gran avenida 12345678',309,'1')
,(1022,'Elias','Araya',1,'9','M',TIMESTAMP '2020-03-29 03:00:00.000000','duoc123','elias@mail.io','gran avenida 123',306,'1')
,(1023,'Roberto','Cariqueo',1,'9','F',TIMESTAMP '2020-03-29 00:00:00.000000','duoc123','roberto123@example.io','gran avenida 123123456789',308,'0')
,(1500,'Fabiola','Orellana González',16739420,'5','F',TIMESTAMP '1990-04-10 04:00:00.000000','duoc123','fabiola@gmail.com','calle  123',309,'1')
,(1000,'Víctor','Jaramillo',18230247,'3','M',TIMESTAMP '1992-08-26 04:00:00.000000','duoc123','vict.jaramillo@alumnos.duoc.cl','Pucón 10819',308,'1')
;
INSERT INTO PORTAFOLIO.USUARIO_ROL (ID_USUARIO_ROL,ID_USUARIO,ID_ROL) VALUES 
(1,1000,1)
,(64,1023,1)
,(61,1020,1)
,(62,1021,1)
,(63,1022,1)
,(65,1500,1)
;
INSERT INTO PORTAFOLIO.VENTA (ID_VENTA,ID_USUARIO,ID_DOCUMENTO,ID_FORMA_PAGO) VALUES 
(102,1500,102,1)
,(103,1000,103,1)
,(121,1000,121,1)
,(49,1000,48,1)
,(50,1000,49,1)
,(61,1000,61,1)
,(101,1500,101,1)
,(42,1000,1,1)
,(82,1500,82,1)
,(81,1500,81,1)
,(83,1500,83,1)
,(84,1500,84,1)
,(85,1500,85,1)
;